week,farmgate_index_weekly,producer_index_weekly,procurement_index_weekly,retail_index_weekly,consumer_index_weekly,producer_weight_share,procurement_weight_share,retail_weight_share,consumer_weight_share,downstream_extension_weekly,downstream_extension_source,producer_index_weekly_smooth,procurement_index_weekly_smooth,retail_index_weekly_smooth,consumer_index_weekly_smooth,farmgate_index_weekly_smooth,downstream_extension_weekly_smooth
2021-12-27,10.206570260136035,77.3742310849087,,,78.85467908657233,1.0,0.0,0.0,1.0,34.37225606975055,consumer_scaled_extension,76.60698930925253,,,78.22282482500088,10.16647797015657,34.096834791912954
2022-01-03,10.126385680177108,75.83974753359637,,,77.59097056342945,1.0,0.0,0.0,1.0,33.82141351407536,consumer_scaled_extension,75.83974753359637,,,77.59097056342945,10.206570260136035,33.82141351407536
2022-01-10,10.268240799531721,74.52856366786955,,,76.73757394945318,1.0,0.0,0.0,1.0,33.44942332548495,consumer_scaled_extension,74.52856366786955,,,76.73757394945318,10.268240799531721,33.44942332548495
2022-01-17,10.394576083516242,73.3131708869157,,,76.04536808432306,1.0,0.0,0.0,1.0,33.147695165217954,consumer_scaled_extension,73.3131708869157,,,76.04536808432306,10.32847825958223,33.147695165217954
2022-01-24,10.32847825958223,70.52975934001843,,,73.33822893156857,1.0,0.0,0.0,1.0,31.967670323917577,consumer_scaled_extension,70.52975934001843,,,73.33822893156857,10.32847825958223,31.967670323917577
2022-01-31,10.306566030480521,68.86939948865411,,,71.59202586913959,1.0,0.0,0.0,1.0,31.20651144904985,consumer_scaled_extension,69.61098360634065,,,72.28491244337944,10.306566030480521,31.508536326114115
2022-02-07,10.232984981432306,69.61098360634065,,,72.28491244337944,1.0,0.0,0.0,1.0,31.508536326114115,consumer_scaled_extension,69.61098360634065,,,72.28491244337944,10.232984981432306,31.508536326114115
2022-02-14,10.109804360987823,70.3814671611438,,,72.96970520175574,1.0,0.0,0.0,1.0,31.807033160015113,consumer_scaled_extension,70.3814671611438,,,72.96970520175574,10.109804360987823,31.807033160015113
2022-02-21,10.097650471168224,71.6692192257953,,,74.2836415612121,1.0,0.0,0.0,1.0,32.37976971198315,consumer_scaled_extension,71.6692192257953,,,74.2836415612121,10.097650471168224,32.37976971198315
2022-02-28,10.01634317810764,72.28568413025822,,,75.16962713143351,1.0,0.0,0.0,1.0,32.76596522056319,consumer_scaled_extension,71.6692192257953,,,74.72661328263067,10.01634317810764,32.572858284742935
2022-03-07,9.727361917038795,71.45643647583455,,,74.72661328263067,1.0,0.0,0.0,1.0,32.572858284742935,consumer_scaled_extension,72.20109541575889,,,75.16962713143351,9.727361917038795,32.76596522056319
2022-03-14,9.63404747954587,72.20109541575889,,,76.31685889634811,1.0,0.0,0.0,1.0,33.266036293729364,consumer_scaled_extension,72.20109541575889,,,76.31685889634811,9.637998266331497,33.266036293729364
2022-03-21,9.637998266331497,73.88051724730448,,,79.19436518382784,1.0,0.0,0.0,1.0,34.520323091941854,consumer_scaled_extension,73.88051724730448,,,79.19436518382784,9.637998266331497,34.520323091941854
2022-03-28,9.647657989813746,75.23784153686633,,,81.77668915354812,1.0,0.0,0.0,1.0,35.645941784078474,consumer_scaled_extension,74.64635415505234,,,81.28509478738627,9.646508734355496,35.43165890788274
2022-04-04,9.646508734355496,74.64635415505234,,,81.28509478738627,1.0,0.0,0.0,1.0,35.43165890788274,consumer_scaled_extension,74.64635415505234,,,81.28509478738627,9.647657989813746,35.43165890788274
2022-04-11,9.667132553700332,74.06847087704651,,,80.92614029493757,1.0,0.0,0.0,1.0,35.27519291404757,consumer_scaled_extension,74.06847087704651,,,80.92614029493757,9.66268394280693,35.27519291404757
2022-04-18,9.66268394280693,73.63497462670861,,,80.75790225046649,1.0,0.0,0.0,1.0,35.201859014116465,consumer_scaled_extension,73.63497462670861,,,80.75790225046649,9.66268394280693,35.201859014116465
2022-04-25,9.533948324171927,72.71510207038531,,,79.96666779257214,1.0,0.0,0.0,1.0,34.85696491635346,consumer_scaled_extension,72.71510207038531,,,79.96666779257214,9.533948324171927,34.85696491635346
2022-05-02,9.416692086862762,72.11724326108565,,,79.68366265635669,1.0,0.0,0.0,1.0,34.73360476672464,consumer_scaled_extension,72.50653026434121,,,79.96666779257214,9.474656625243892,34.85696491635346
2022-05-09,9.474656625243892,72.50653026434121,,,80.75830264286375,1.0,0.0,0.0,1.0,35.20203354263103,consumer_scaled_extension,72.11724326108565,,,80.10495508257475,9.440094490541483,34.91724347176985
2022-05-16,9.440094490541483,71.66238307405108,,,80.10495508257475,1.0,0.0,0.0,1.0,34.91724347176985,consumer_scaled_extension,72.07475100902225,,,80.75830264286375,9.474656625243892,35.20203354263103
2022-05-23,9.635280258864295,72.07475100902225,,,81.10791164470713,1.0,0.0,0.0,1.0,35.35442589619647,consumer_scaled_extension,72.07475100902225,,,81.10791164470713,9.635280258864295,35.35442589619647
2022-05-30,9.710966790769325,72.41184167233261,,,81.54465203334057,1.0,0.0,0.0,1.0,35.54479827039167,consumer_scaled_extension,72.41184167233261,,,81.10791164470713,9.635280258864295,35.35442589619647
2022-06-06,9.615110621009709,72.66363590124034,,,80.53288419294351,1.0,0.0,0.0,1.0,35.10377506547715,consumer_scaled_extension,72.66363590124034,,,80.53288419294351,9.615110621009709,35.10377506547715
2022-06-13,9.473584632189331,72.74879068991191,,,79.35876179549837,1.0,0.0,0.0,1.0,34.59198253560194,consumer_scaled_extension,72.74879068991191,,,80.53288419294351,9.568673832670932,35.10377506547715
2022-06-20,9.568673832670932,74.60581082014495,,,80.56448081766722,1.0,0.0,0.0,1.0,35.11754783443041,consumer_scaled_extension,74.60581082014495,,,80.38046521923425,9.518754214438504,35.03733659847798
2022-06-27,9.518754214438504,75.50815477735235,,,80.38046521923425,1.0,0.0,0.0,1.0,35.03733659847798,consumer_scaled_extension,74.60581082014495,,,80.38046521923425,9.518754214438504,35.03733659847798
2022-07-04,9.232300335719817,73.92055781688762,,,78.1329090207225,1.0,0.0,0.0,1.0,34.057641061304,consumer_scaled_extension,73.92055781688762,,,78.1329090207225,9.232300335719817,34.057641061304
2022-07-11,8.99374295362291,72.40167766602184,,,75.90982183955543,1.0,0.0,0.0,1.0,33.08861141408975,consumer_scaled_extension,73.92055781688762,,,78.1329090207225,9.232300335719817,34.057641061304
2022-07-18,9.70978230142333,76.98766198309788,,,81.69235898128537,1.0,0.0,0.0,1.0,35.609182795151014,consumer_scaled_extension,76.98766198309788,,,81.69235898128537,9.70978230142333,35.609182795151014
2022-07-25,10.603793914742967,82.90670424953878,,,89.16590306675735,1.0,0.0,0.0,1.0,38.866853411911606,consumer_scaled_extension,82.21873687322854,,,87.96077770778227,10.419634831646325,38.34154688711598
2022-08-01,10.419634831646325,82.21873687322854,,,87.96077770778227,1.0,0.0,0.0,1.0,38.34154688711598,consumer_scaled_extension,82.21873687322854,,,87.96077770778227,10.419634831646325,38.34154688711598
2022-08-08,10.23642924695083,81.22481510570043,,,86.38020051321132,1.0,0.0,0.0,1.0,37.65258328090872,consumer_scaled_extension,81.22481510570043,,,86.38020051321132,10.23642924695083,37.65258328090872
2022-08-15,10.042638717325747,79.48423878448222,,,83.82135867026005,1.0,0.0,0.0,1.0,36.53720029936933,consumer_scaled_extension,79.48423878448222,,,83.82135867026005,10.042638717325747,36.53720029936933
2022-08-22,9.88161098964936,77.57431514552191,,,81.01787212192626,1.0,0.0,0.0,1.0,35.31517823747448,consumer_scaled_extension,77.57431514552191,,,81.01787212192626,9.895132823394789,35.31517823747448
2022-08-29,9.895132823394789,77.23682988427726,,,80.17694011340691,1.0,0.0,0.0,1.0,34.948621291597576,consumer_scaled_extension,77.57431514552191,,,81.01787212192626,9.895132823394789,35.31517823747448
2022-09-05,9.975093428247966,79.84113275000078,,,82.19824437892234,1.0,0.0,0.0,1.0,35.82969504161435,consumer_scaled_extension,79.84113275000078,,,82.19824437892234,9.975093428247966,35.82969504161435
2022-09-12,10.18333874873261,83.12767276684916,,,85.00947058029028,1.0,0.0,0.0,1.0,37.05509076933427,consumer_scaled_extension,83.12767276684916,,,85.00947058029028,10.134925471312812,37.05509076933427
2022-09-19,10.134925471312812,84.22232358485986,,,85.06681244198319,1.0,0.0,0.0,1.0,37.08008572431292,consumer_scaled_extension,84.22232358485986,,,85.06681244198319,10.18333874873261,37.08008572431292
2022-09-26,10.230691115179383,86.07667809297506,,,86.05160121681206,1.0,0.0,0.0,1.0,37.50934892511641,consumer_scaled_extension,86.07667809297506,,,86.05160121681206,10.230691115179383,37.50934892511641
2022-10-03,10.3100816701997,86.90857731924585,,,87.85467558017343,1.0,0.0,0.0,1.0,38.29529764050232,consumer_scaled_extension,86.90857731924585,,,87.85467558017343,10.3100816701997,38.29529764050232
2022-10-10,10.431414190604997,88.1669983215833,,,90.64797989923476,1.0,0.0,0.0,1.0,39.51288133303256,consumer_scaled_extension,88.1669983215833,,,90.64797989923476,10.431414190604997,39.51288133303256
2022-10-17,10.574479967960492,89.62064329037126,,,93.73719974759803,1.0,0.0,0.0,1.0,40.85945273391446,consumer_scaled_extension,89.62064329037126,,,93.73719974759803,10.548400152890185,40.85945273391446
2022-10-24,10.548400152890185,89.78669947087054,,,95.15195329910489,1.0,0.0,0.0,1.0,41.47613486249931,consumer_scaled_extension,89.78669947087054,,,95.15195329910489,10.548400152890185,41.47613486249931
2022-10-31,10.531963649011036,90.1816278166479,,,95.85061443382905,1.0,0.0,0.0,1.0,41.780676833970105,consumer_scaled_extension,90.1816278166479,,,95.85061443382905,10.548400152890185,41.780676833970105
2022-11-07,10.757224945191538,92.75571011539868,,,98.05291587982532,1.0,0.0,0.0,1.0,42.740646110637364,consumer_scaled_extension,92.75571011539868,,,98.05291587982532,10.757224945191538,42.740646110637364
2022-11-14,10.94129818059606,95.28695470732097,,,100.14728937694093,1.0,0.0,0.0,1.0,43.65357027674199,consumer_scaled_extension,95.28695470732097,,,100.14728937694093,10.94129818059606,43.65357027674199
2022-11-21,10.970977681171107,96.7553236793242,,,100.85929207693044,1.0,0.0,0.0,1.0,43.96392775216237,consumer_scaled_extension,96.7553236793242,,,100.85929207693044,10.970977681171107,43.96392775216237
2022-11-28,11.079264998917958,98.04442826950041,,,101.69442535974378,1.0,0.0,0.0,1.0,44.327957070165375,consumer_scaled_extension,96.7553236793242,,,100.85929207693044,11.079264998917958,43.96392775216237
2022-12-05,11.12807579790051,96.6365440206887,,,100.54385984787426,1.0,0.0,0.0,1.0,43.826432837778555,consumer_scaled_extension,96.6365440206887,,,100.54385984787426,11.12807579790051,43.826432837778555
2022-12-12,11.15104601015542,94.80040742719717,,,98.95784995425171,1.0,0.0,0.0,1.0,43.135101152401944,consumer_scaled_extension,94.80040742719717,,,98.95784995425171,11.15104601015542,43.135101152401944
2022-12-19,11.160511187155821,92.85282206474884,,,97.2735290716883,1.0,0.0,0.0,1.0,42.400916328499,consumer_scaled_extension,92.85282206474884,,,97.2735290716883,11.160511187155821,42.400916328499
2022-12-26,11.217121603210758,91.19897909546367,,,95.88041774631965,1.0,0.0,0.0,1.0,41.79366790945884,consumer_scaled_extension,91.19897909546367,,,95.88041774631965,11.217121603210758,41.79366790945884
2023-01-02,11.228538157860022,89.79453030880715,,,94.78247660608444,1.0,0.0,0.0,1.0,41.31508230795958,consumer_scaled_extension,89.79453030880715,,,94.78247660608444,11.217121603210758,41.31508230795958
2023-01-09,11.128982178391098,87.86292468347308,,,93.06513703720073,1.0,0.0,0.0,1.0,40.566504847444136,consumer_scaled_extension,87.86292468347308,,,93.06513703720073,11.128982178391098,40.566504847444136
2023-01-16,11.043393662648604,86.19183482544426,,,91.62744781612388,1.0,0.0,0.0,1.0,39.93982520550025,consumer_scaled_extension,86.19183482544426,,,91.62744781612388,11.043393662648604,39.93982520550025
2023-01-23,10.9164992576806,83.88661280686226,,,89.29934147125124,1.0,0.0,0.0,1.0,38.92501836879092,consumer_scaled_extension,83.88661280686226,,,89.29934147125124,10.9164992576806,38.92501836879092
2023-01-30,10.875261887581367,81.87479615287594,,,87.07504214779432,1.0,0.0,0.0,1.0,37.95546035641607,consumer_scaled_extension,81.87479615287594,,,87.07504214779432,10.875261887581367,37.95546035641607
2023-02-06,10.868512712872047,81.69729547324202,,,86.60764394905053,1.0,0.0,0.0,1.0,37.75172443662209,consumer_scaled_extension,81.87479615287594,,,87.07504214779432,10.875261887581367,37.95546035641607
2023-02-13,10.986659200293492,82.75161514938058,,,87.77697674065868,1.0,0.0,0.0,1.0,38.26142920759434,consumer_scaled_extension,82.75161514938058,,,87.77697674065868,10.986659200293492,38.26142920759434
2023-02-20,11.057993916490805,83.10926789372182,,,88.09180001869298,1.0,0.0,0.0,1.0,38.398658684077695,consumer_scaled_extension,83.10926789372182,,,88.09180001869298,11.057993916490805,38.398658684077695
2023-02-27,11.0963600747897,83.72665059863019,,,88.89816211200643,1.0,0.0,0.0,1.0,38.75014682247822,consumer_scaled_extension,83.72665059863019,,,88.89816211200643,11.0963600747897,38.75014682247822
2023-03-06,11.161574047569205,84.42377909631836,,,89.99188218633556,1.0,0.0,0.0,1.0,39.22689248803593,consumer_scaled_extension,84.42377909631836,,,89.99188218633556,11.161574047569205,39.22689248803593
2023-03-13,11.241035538474325,84.52021516369918,,,90.3599839304647,1.0,0.0,0.0,1.0,39.3873457110468,consumer_scaled_extension,84.47665334989931,,,90.3599839304647,11.241035538474325,39.3873457110468
2023-03-20,11.25012608466848,84.47665334989931,,,90.54650532619588,1.0,0.0,0.0,1.0,39.46864920819908,consumer_scaled_extension,84.52021516369918,,,90.54650532619588,11.241035538474325,39.46864920819908
2023-03-27,11.2185977966298,84.52120730914493,,,90.59399546836326,1.0,0.0,0.0,1.0,39.48934986092223,consumer_scaled_extension,84.47665334989931,,,90.59399546836326,11.22581485183493,39.48934986092223
2023-04-03,11.22581485183493,84.26444278616927,,,90.61543256115623,1.0,0.0,0.0,1.0,39.49869415413863,consumer_scaled_extension,84.31732034914974,,,90.61543256115623,11.2185977966298,39.49869415413863
2023-04-10,11.17324377892189,84.31732034914974,,,91.3207567700599,1.0,0.0,0.0,1.0,39.80614051751823,consumer_scaled_extension,84.31732034914974,,,91.3207567700599,11.206442625828089,39.80614051751823
2023-04-17,11.206442625828089,84.49598837291882,,,92.13461570877155,1.0,0.0,0.0,1.0,40.16089648343041,consumer_scaled_extension,84.40260394156385,,,92.13461570877155,11.206442625828089,40.16089648343041
2023-04-24,11.246698277743146,84.40260394156385,,,92.50659253483188,1.0,0.0,0.0,1.0,40.3230388301556,consumer_scaled_extension,84.40260394156385,,,92.13461570877155,11.206442625828089,40.16089648343041
2023-05-01,11.185994036504495,83.47018326571786,,,91.78649083597269,1.0,0.0,0.0,1.0,40.00915105233234,consumer_scaled_extension,83.47018326571786,,,91.78649083597269,11.185994036504495,40.00915105233234
2023-05-08,11.11673330926352,82.82128077401504,,,91.50328102900178,1.0,0.0,0.0,1.0,39.88570168801521,consumer_scaled_extension,82.82128077401504,,,91.5605934692964,11.11673330926352,39.910683818392364
2023-05-15,11.010228538730736,82.35501438176028,,,91.5605934692964,1.0,0.0,0.0,1.0,39.910683818392364,consumer_scaled_extension,82.35501438176028,,,91.5605934692964,11.010228538730736,39.910683818392364
2023-05-22,10.997347489033213,81.93246622311328,,,91.63619428974212,1.0,0.0,0.0,1.0,39.94363773805249,consumer_scaled_extension,81.93246622311328,,,91.5605934692964,11.010228538730736,39.910683818392364
2023-05-29,11.034823977608841,81.03999643269475,,,90.78425408711182,1.0,0.0,0.0,1.0,39.57228238995989,consumer_scaled_extension,81.03999643269475,,,90.78425408711182,11.034823977608841,39.57228238995989
2023-06-05,11.03934524754973,80.84452417174772,,,89.72596416797859,1.0,0.0,0.0,1.0,39.11098050505149,consumer_scaled_extension,81.03999643269475,,,89.72596416797859,11.03934524754973,39.11098050505149
2023-06-12,11.094343425778991,81.30183905475046,,,89.57255856746582,1.0,0.0,0.0,1.0,39.04411197366643,consumer_scaled_extension,81.30183905475046,,,89.72596416797859,11.094343425778991,39.11098050505149
2023-06-19,11.1627733967461,82.10373024372156,,,89.91667428459317,1.0,0.0,0.0,1.0,39.19410983915443,consumer_scaled_extension,81.46380674877535,,,89.57255856746582,11.094343425778991,39.04411197366643
2023-06-26,11.020363887685516,81.46380674877535,,,88.49730653207804,1.0,0.0,0.0,1.0,38.57541640952251,consumer_scaled_extension,81.46380674877535,,,88.68937440032808,11.10732068342973,38.65913757897921
2023-07-03,11.10732068342973,81.45203284632215,,,88.68937440032808,1.0,0.0,0.0,1.0,38.65913757897921,consumer_scaled_extension,81.46380674877535,,,88.68937440032808,11.10732068342973,38.65913757897921
2023-07-10,11.24610002832682,82.00839461080326,,,89.79111237791045,1.0,0.0,0.0,1.0,39.139378197873306,consumer_scaled_extension,82.00839461080326,,,89.79111237791045,11.24610002832682,39.139378197873306
2023-07-17,11.322883969702975,82.46881628585045,,,90.817775000594,1.0,0.0,0.0,1.0,39.58689394421701,consumer_scaled_extension,82.2255614152168,,,90.817775000594,11.253733259425605,39.58689394421701
2023-07-24,11.253733259425605,82.2255614152168,,,90.90717544632416,1.0,0.0,0.0,1.0,39.62586303329305,consumer_scaled_extension,82.46881628585045,,,90.90717544632416,11.253733259425605,39.62586303329305
2023-07-31,11.20070217984858,82.4712266470357,,,91.32556305691013,1.0,0.0,0.0,1.0,39.80823554756938,consumer_scaled_extension,82.4712266470357,,,91.32556305691013,11.20070217984858,39.80823554756938
2023-08-07,11.178969502385016,82.95394047292758,,,91.48191515901838,1.0,0.0,0.0,1.0,39.8763884403712,consumer_scaled_extension,82.95394047292758,,,91.32556305691013,11.178969502385016,39.80823554756938
2023-08-14,11.152025553886624,83.01654203036792,,,90.98345772038783,1.0,0.0,0.0,1.0,39.65911399427687,consumer_scaled_extension,82.95394047292758,,,90.98345772038783,11.152025553886624,39.65911399427687
2023-08-21,11.101615404327301,82.84191087177817,,,90.21691374011326,1.0,0.0,0.0,1.0,39.32498231960736,consumer_scaled_extension,83.01654203036792,,,90.21691374011326,11.101615404327301,39.32498231960736
2023-08-28,11.00369611875642,83.02111093190113,,,89.90961850863546,1.0,0.0,0.0,1.0,39.191034271023305,consumer_scaled_extension,83.02111093190113,,,90.21691374011326,11.00369611875642,39.32498231960736
2023-09-04,10.960380263482264,84.90728518885894,,,90.57386438773041,1.0,0.0,0.0,1.0,39.48057485014939,consumer_scaled_extension,84.90728518885894,,,90.57386438773041,11.00369611875642,39.48057485014939
2023-09-11,11.056615590152274,87.81537093977994,,,92.50228328117747,1.0,0.0,0.0,1.0,40.321160453732105,consumer_scaled_extension,87.81537093977994,,,92.50228328117747,11.056615590152274,40.321160453732105
2023-09-18,11.1104491604146,90.52134332909348,,,94.14994689339086,1.0,0.0,0.0,1.0,41.03936660524826,consumer_scaled_extension,90.52134332909348,,,94.14994689339086,11.1104491604146,41.03936660524826
2023-09-25,11.168232931017295,92.79686712319261,,,95.15597784370736,1.0,0.0,0.0,1.0,41.47788913604709,consumer_scaled_extension,92.79686712319261,,,95.15597784370736,11.168232931017295,41.47788913604709
2023-10-02,11.234574368525983,95.90696990067504,,,97.10649061794116,1.0,0.0,0.0,1.0,42.32810532258028,consumer_scaled_extension,95.90696990067504,,,97.10649061794116,11.234574368525983,42.32810532258028
2023-10-09,11.337661592436795,99.68272438952086,,,99.74182412560425,1.0,0.0,0.0,1.0,43.476830537163195,consumer_scaled_extension,99.68272438952086,,,99.74182412560425,11.337661592436795,43.476830537163195
2023-10-16,11.48631021852824,103.05248067804204,,,101.77289954036179,1.0,0.0,0.0,1.0,44.36216346935832,consumer_scaled_extension,103.05248067804204,,,101.77289954036179,11.48631021852824,44.36216346935832
2023-10-23,11.662511166046945,106.39368382227646,,,103.72275133111752,1.0,0.0,0.0,1.0,45.21209153737236,consumer_scaled_extension,106.39368382227646,,,103.72275133111752,11.662511166046945,45.21209153737236
2023-10-30,11.76986976021,107.58339444881688,,,105.39341606151537,1.0,0.0,0.0,1.0,45.94032373088482,consumer_scaled_extension,106.39368382227646,,,105.39341606151537,11.76986976021,45.94032373088482
2023-11-06,12.01562757137637,104.96201821167887,,,108.38746208912669,1.0,0.0,0.0,1.0,47.245409465019776,consumer_scaled_extension,104.96201821167887,,,108.38746208912669,12.01562757137637,47.245409465019776
2023-11-13,12.248338775728609,101.98090550968,,,111.08404104575311,1.0,0.0,0.0,1.0,48.42083118359281,consumer_scaled_extension,101.98090550968,,,111.08404104575311,12.248338775728609,48.42083118359281
2023-11-20,12.486597825281759,99.78182828716326,,,114.89779113919384,1.0,0.0,0.0,1.0,50.08322073759585,consumer_scaled_extension,99.78182828716326,,,114.89779113919384,12.486597825281759,50.08322073759585
2023-11-27,12.607386768543375,96.63148533073736,,,116.99250514712895,1.0,0.0,0.0,1.0,50.99629333021388,consumer_scaled_extension,96.63148533073736,,,114.89779113919384,12.607386768543375,50.08322073759585
2023-12-04,12.726475289787679,95.62788862138184,,,114.78304900570166,1.0,0.0,0.0,1.0,50.03320536704247,consumer_scaled_extension,95.62788862138184,,,114.78304900570166,12.726475289787679,50.03320536704247
2023-12-11,12.943686855878735,94.91158089028123,,,112.49441967069187,1.0,0.0,0.0,1.0,49.03560630934629,consumer_scaled_extension,94.98348946507465,,,112.49441967069187,12.943686855878735,49.03560630934629
2023-12-18,13.2356512634969,94.98348946507465,,,111.54194859091808,1.0,0.0,0.0,1.0,48.62043018749468,consumer_scaled_extension,94.91158089028123,,,111.54194859091808,13.2356512634969,48.62043018749468
2023-12-25,13.450096625582649,94.84083566245597,,,110.38663725856455,1.0,0.0,0.0,1.0,48.11683728196344,consumer_scaled_extension,94.84083566245597,,,110.38663725856455,13.450096625582649,48.11683728196344
2024-01-01,13.52559274428366,94.24273703974976,,,108.52159874535226,1.0,0.0,0.0,1.0,47.30387878541436,consumer_scaled_extension,94.24273703974976,,,108.52159874535226,13.45509883238982,47.30387878541436
2024-01-08,13.45509883238982,93.05627004786659,,,105.8767309878891,1.0,0.0,0.0,1.0,46.15099765162213,consumer_scaled_extension,93.05627004786659,,,105.8767309878891,13.45509883238982,46.15099765162213
2024-01-15,13.33831487212268,91.22427400387738,,,102.37761431074799,1.0,0.0,0.0,1.0,44.62575481457266,consumer_scaled_extension,91.22427400387738,,,102.37761431074799,13.33831487212268,44.62575481457266
2024-01-22,13.25948846236442,89.58451888069996,,,99.13705248972468,1.0,0.0,0.0,1.0,43.21321440463981,consumer_scaled_extension,89.58451888069996,,,99.13705248972468,13.25948846236442,43.21321440463981
2024-01-29,13.1649263740879,88.01929859423375,,,96.23183086927244,1.0,0.0,0.0,1.0,41.946846668009655,consumer_scaled_extension,88.09701214847489,,,96.8116616864013,13.1649263740879,42.1995912553233
2024-02-05,13.077633680301775,88.09701214847489,,,96.8116616864013,1.0,0.0,0.0,1.0,42.1995912553233,consumer_scaled_extension,88.09701214847489,,,96.8116616864013,13.163952861919654,42.1995912553233
2024-02-12,13.163952861919654,89.43420252686863,,,99.20705085534567,1.0,0.0,0.0,1.0,43.24372624966231,consumer_scaled_extension,89.43420252686863,,,99.20705085534567,13.163952861919654,43.24372624966231
2024-02-19,13.261127742639111,90.39859146691727,,,101.03676821580103,1.0,0.0,0.0,1.0,44.04128847903608,consumer_scaled_extension,90.01637675501584,,,101.02705858083634,13.163952861919654,44.03705611054234
2024-02-26,13.16110505568071,90.01637675501584,,,101.02705858083634,1.0,0.0,0.0,1.0,44.03705611054234,consumer_scaled_extension,90.39859146691727,,,101.03676821580103,13.19979456388991,44.04128847903608
2024-03-04,13.19979456388991,90.70782609567662,,,102.28952968930551,1.0,0.0,0.0,1.0,44.58735928498457,consumer_scaled_extension,90.70782609567662,,,102.28952968930551,13.16110505568071,44.58735928498457
2024-03-11,13.139412970394819,90.87025630694787,,,102.8970274616815,1.0,0.0,0.0,1.0,44.852163723171245,consumer_scaled_extension,90.70782609567662,,,102.81549965029062,13.139412970394819,44.81662626563043
2024-03-18,13.115677901009349,90.57761727996528,,,102.81549965029062,1.0,0.0,0.0,1.0,44.81662626563043,consumer_scaled_extension,90.57761727996528,,,102.81549965029062,13.115677901009349,44.81662626563043
2024-03-25,12.999363963295385,89.6865421149572,,,101.92731087015085,1.0,0.0,0.0,1.0,44.42947039177637,consumer_scaled_extension,89.6865421149572,,,102.12911924122213,12.999363963295385,44.51743738483034
2024-04-01,12.854544975110075,89.51209109725136,,,102.12911924122213,1.0,0.0,0.0,1.0,44.51743738483034,consumer_scaled_extension,89.6865421149572,,,102.12911924122213,12.854544975110075,44.51743738483034
2024-04-08,12.82883277262134,89.87268144153347,,,103.06955250698857,1.0,0.0,0.0,1.0,44.92736629966299,consumer_scaled_extension,89.51209109725136,,,102.7710059596305,12.82883277262134,44.7972317471748
2024-04-15,12.761577444718611,89.38624446679148,,,102.7710059596305,1.0,0.0,0.0,1.0,44.7972317471748,consumer_scaled_extension,89.38624446679148,,,102.7710059596305,12.761577444718611,44.7972317471748
2024-04-22,12.694267696875325,89.09740531609316,,,102.72117467990564,1.0,0.0,0.0,1.0,44.77551060739176,consumer_scaled_extension,89.09740531609316,,,102.72117467990564,12.694267696875325,44.77551060739176
2024-04-29,12.5514988928122,88.75958139101672,,,101.57906152815835,1.0,0.0,0.0,1.0,44.27767070534373,consumer_scaled_extension,89.09740531609316,,,101.57906152815835,12.5514988928122,44.27767070534373
2024-05-06,12.430014220138835,89.51918688707227,,,99.9553795837675,1.0,0.0,0.0,1.0,43.56991801121177,consumer_scaled_extension,89.51918688707227,,,99.9553795837675,12.430014220138835,43.56991801121177
2024-05-13,12.332108816635525,90.63431894556719,,,98.79595380746234,1.0,0.0,0.0,1.0,43.064531645574824,consumer_scaled_extension,90.63431894556719,,,98.79595380746234,12.332108816635525,43.064531645574824
2024-05-20,12.229126927387309,91.33170815349128,,,97.02668042382612,1.0,0.0,0.0,1.0,42.29331656355068,consumer_scaled_extension,91.33170815349128,,,97.02668042382612,12.27077422381619,42.29331656355068
2024-05-27,12.27077422381619,92.18925387077051,,,95.62316279152088,1.0,0.0,0.0,1.0,41.6815321011088,consumer_scaled_extension,91.54728930075201,,,96.05167002207197,12.27077422381619,41.86831569374852
2024-06-03,12.323738795031034,91.54728930075201,,,96.05167002207197,1.0,0.0,0.0,1.0,41.86831569374852,consumer_scaled_extension,91.54728930075201,,,96.0119238586637,12.323738795031034,41.8509905924066
2024-06-10,12.32772712458043,89.95925971888276,,,96.0119238586637,1.0,0.0,0.0,1.0,41.8509905924066,consumer_scaled_extension,89.95925971888276,,,96.05167002207197,12.323738795031034,41.86831569374852
2024-06-17,12.31227992407809,88.81445629292091,,,96.56026013665323,1.0,0.0,0.0,1.0,42.090006909227796,consumer_scaled_extension,88.81445629292091,,,96.56026013665323,12.31227992407809,42.090006909227796
2024-06-24,12.251505076468,87.60023012379344,,,97.02392228744708,1.0,0.0,0.0,1.0,42.29211430934087,consumer_scaled_extension,87.60023012379344,,,97.02392228744708,12.251505076468,42.29211430934087
2024-07-01,12.249372527122304,86.73221002775496,,,97.87492750863464,1.0,0.0,0.0,1.0,42.663062104933815,consumer_scaled_extension,86.73221002775496,,,97.87492750863464,12.251505076468,42.663062104933815
2024-07-08,12.38998699029128,86.32369884598205,,,99.35517883323044,1.0,0.0,0.0,1.0,43.30829429871061,consumer_scaled_extension,86.32369884598205,,,99.35517883323044,12.38998699029128,43.30829429871061
2024-07-15,12.60276864913113,86.13427810626573,,,101.23032683631442,1.0,0.0,0.0,1.0,44.12565945797938,consumer_scaled_extension,86.13427810626573,,,101.23032683631442,12.60276864913113,44.12565945797938
2024-07-22,12.64861133176308,85.05785925836437,,,101.90442745680396,1.0,0.0,0.0,1.0,44.4194956565746,consumer_scaled_extension,85.05785925836437,,,101.90442745680396,12.64861133176308,44.4194956565746
2024-07-29,12.66888187321106,84.41355809732364,,,102.66603411966807,1.0,0.0,0.0,1.0,44.75147518580017,consumer_scaled_extension,85.05785925836437,,,102.66603411966807,12.66888187321106,44.75147518580017
2024-08-05,12.929911844819891,88.5472275769112,,,106.56785804372743,1.0,0.0,0.0,1.0,46.4522555657394,consumer_scaled_extension,88.5472275769112,,,106.56785804372743,12.929911844819891,46.4522555657394
2024-08-12,13.166794042681435,92.15482628233104,,,109.50884669634864,1.0,0.0,0.0,1.0,47.73421392556158,consumer_scaled_extension,92.15482628233104,,,109.50884669634864,13.166794042681435,47.73421392556158
2024-08-19,13.513413224502795,95.78397273487003,,,112.36434273788994,1.0,0.0,0.0,1.0,48.97890659672522,consumer_scaled_extension,95.78397273487003,,,112.36434273788994,13.513413224502795,48.97890659672522
2024-08-26,13.709157318451439,98.68346489770731,,,114.09014560419784,1.0,0.0,0.0,1.0,49.73117315508023,consumer_scaled_extension,98.68346489770731,,,114.09014560419784,13.709157318451439,49.73117315508023
2024-09-02,13.82301411249636,101.22567153141084,,,115.29298640562118,1.0,0.0,0.0,1.0,50.25548385568274,consumer_scaled_extension,101.22567153141084,,,115.29298640562118,13.82301411249636,50.25548385568274
2024-09-09,14.034980817166161,104.56105443790045,,,117.45072440638154,1.0,0.0,0.0,1.0,51.19602820831579,consumer_scaled_extension,104.56105443790045,,,117.45072440638154,14.034980817166161,51.19602820831579
2024-09-16,14.187854269076144,108.40162413237213,,,120.11234401897444,1.0,0.0,0.0,1.0,52.35621136984858,consumer_scaled_extension,108.40162413237213,,,120.11234401897444,14.175857293462535,52.35621136984858
2024-09-23,14.175857293462535,111.54758350672483,,,121.77556911735928,1.0,0.0,0.0,1.0,53.08120067480226,consumer_scaled_extension,111.54758350672483,,,121.77556911735928,14.187854269076144,53.08120067480226
2024-09-30,14.273818971572641,115.17466209106745,,,124.12553603571754,1.0,0.0,0.0,1.0,54.105536397284546,consumer_scaled_extension,115.17466209106745,,,124.12553603571754,14.273818971572641,54.105536397284546
2024-10-07,14.530820587418855,119.69964260516055,,,127.72648670180413,1.0,0.0,0.0,1.0,55.67516802628883,consumer_scaled_extension,119.69964260516055,,,127.72648670180413,14.530820587418855,55.67516802628883
2024-10-14,14.815673815706354,124.40575126950603,,,131.3395617630885,1.0,0.0,0.0,1.0,57.250084602505595,consumer_scaled_extension,124.40575126950603,,,131.3395617630885,14.815673815706354,57.250084602505595
2024-10-21,15.162326061657609,129.49991792118146,,,135.31995226621046,1.0,0.0,0.0,1.0,58.9851116575356,consumer_scaled_extension,129.49991792118146,,,135.31995226621046,15.162326061657609,58.9851116575356
2024-10-28,15.607730693244731,134.90077094090154,,,139.7587109635551,1.0,0.0,0.0,1.0,60.91993851047935,consumer_scaled_extension,134.90077094090154,,,139.7587109635551,15.607730693244731,60.91993851047935
2024-11-04,15.721920158049276,135.38978614115064,,,143.9238527160693,1.0,0.0,0.0,1.0,62.7354974670639,consumer_scaled_extension,134.90077094090154,,,143.9238527160693,15.65569757768178,62.7354974670639
2024-11-11,15.65569757768178,133.84640941355661,,,145.5146600180311,1.0,0.0,0.0,1.0,63.42892031240487,consumer_scaled_extension,133.84640941355661,,,145.5146600180311,15.721920158049276,63.42892031240487
2024-11-18,15.735415077047016,132.88030934686313,,,147.93554356333598,1.0,0.0,0.0,1.0,64.48416814421597,consumer_scaled_extension,133.14717450830506,,,147.93554356333598,15.735415077047016,64.48416814421597
2024-11-25,15.926667674779743,133.14717450830506,,,152.18578563736622,1.0,0.0,0.0,1.0,66.33682179291837,consumer_scaled_extension,133.14717450830506,,,152.18578563736622,15.926667674779743,66.33682179291837
2024-12-02,16.071274365698628,133.89598086028897,,,157.13607595022094,1.0,0.0,0.0,1.0,68.49462204299917,consumer_scaled_extension,133.3747444881664,,,157.13607595022094,16.071274365698628,68.49462204299917
2024-12-09,16.15955719553343,133.3747444881664,,,160.19677240468943,1.0,0.0,0.0,1.0,69.82876027681621,consumer_scaled_extension,133.3747444881664,,,160.19677240468943,16.15955719553343,69.82876027681621
2024-12-16,16.23015252964098,132.157713835013,,,162.3655684094455,1.0,0.0,0.0,1.0,70.77412474347881,consumer_scaled_extension,132.157713835013,,,162.3655684094455,16.23015252964098,70.77412474347881
2024-12-23,16.3215703216992,131.3992832463932,,,165.35804166224685,1.0,0.0,0.0,1.0,72.07852491501767,consumer_scaled_extension,131.3992832463932,,,163.64763188610237,16.3215703216992,71.33296810734495
2024-12-30,16.42265313978134,129.1376140375479,,,163.64763188610237,1.0,0.0,0.0,1.0,71.33296810734495,consumer_scaled_extension,129.1376140375479,,,163.64763188610237,16.42265313978134,71.33296810734495
2025-01-06,16.504481336239664,123.88366593430716,,,151.8767551452552,1.0,0.0,0.0,1.0,66.20211735519516,consumer_scaled_extension,123.88366593430716,,,151.8767551452552,16.43047294712665,66.20211735519516
2025-01-13,16.43047294712665,118.35512812528313,,,140.18446641320864,1.0,0.0,0.0,1.0,61.10552261922344,consumer_scaled_extension,118.35512812528313,,,140.18446641320864,16.476649619704133,61.10552261922344
2025-01-20,16.476649619704133,113.8830316406525,,,130.53579451010492,1.0,0.0,0.0,1.0,56.89972753859946,consumer_scaled_extension,113.8830316406525,,,130.53579451010492,16.466699385912314,56.89972753859946
2025-01-27,16.466699385912314,108.03136281031989,,,119.51031467067426,1.0,0.0,0.0,1.0,52.09379058314345,consumer_scaled_extension,108.03136281031989,,,119.51031467067426,16.466699385912314,52.09379058314345
2025-02-03,16.09073914506233,107.0452874250264,,,118.47099278807778,1.0,0.0,0.0,1.0,51.640756745439525,consumer_scaled_extension,107.41368415119516,,,119.51031467067426,16.09073914506233,52.09379058314345
2025-02-10,15.954182982570325,107.41368415119516,,,119.73763380217282,1.0,0.0,0.0,1.0,52.19287755538061,consumer_scaled_extension,107.41368415119516,,,119.73763380217282,15.954182982570325,52.19287755538061
2025-02-17,15.92451224245474,108.16892892694983,,,121.56233593804862,1.0,0.0,0.0,1.0,52.98825368006798,consumer_scaled_extension,107.55209404472231,,,121.56233593804862,15.92451224245474,52.98825368006798
2025-02-24,15.552612567370836,107.55209404472231,,,121.81602442064897,1.0,0.0,0.0,1.0,53.09883488573509,consumer_scaled_extension,107.65936949614118,,,121.81602442064897,15.552612567370836,53.09883488573509
2025-03-03,15.544858357095364,107.65936949614118,,,123.28680679079548,1.0,0.0,0.0,1.0,53.739939622133136,consumer_scaled_extension,107.55209404472231,,,123.28680679079548,15.552612567370836,53.739939622133136
2025-03-10,15.613328681853739,107.46740141655968,,,124.72093346794189,1.0,0.0,0.0,1.0,54.36506637370128,consumer_scaled_extension,107.46740141655968,,,124.72093346794189,15.544858357095364,54.36506637370128
2025-03-17,15.433716028668943,106.41128161953317,,,124.98945471076146,1.0,0.0,0.0,1.0,54.482113085770564,consumer_scaled_extension,106.41128161953317,,,124.72093346794189,15.433716028668943,54.36506637370128
2025-03-24,14.990247103685814,104.3018907144303,,,123.69581338891052,1.0,0.0,0.0,1.0,53.918223012383116,consumer_scaled_extension,104.3018907144303,,,123.69581338891052,14.990247103685814,53.918223012383116
2025-03-31,14.655422665483137,102.65765241507644,,,121.83769689808616,1.0,0.0,0.0,1.0,53.108281781629735,consumer_scaled_extension,103.82391450191528,,,122.57362181070529,14.686850792311585,53.429066798291615
2025-04-07,14.686850792311585,103.82391450191528,,,122.57362181070529,1.0,0.0,0.0,1.0,53.429066798291615,consumer_scaled_extension,103.82391450191528,109.91871569844237,,122.57362181070529,14.686850792311585,53.429066798291615
2025-04-14,14.880854918295146,106.242530498323,109.91871569844237,,125.13891287961967,1.0,0.6631123088626022,0.0,1.0,54.5472609566543,consumer_scaled_extension,106.242530498323,106.08555604780858,,124.75328047490687,14.74410871084741,54.37916622952936
2025-04-21,14.74410871084741,106.69110973634396,102.25239639717478,,124.75328047490687,1.0,0.6946111873379318,0.0,1.0,54.37916622952936,consumer_scaled_extension,106.242530498323,102.25239639717478,,124.75328047490687,14.74410871084741,54.37916622952936
2025-04-28,14.30392004222256,105.6268872711004,90.70418863792888,,122.34069742936019,1.0,0.7142857142857143,0.0,1.0,53.3275365330845,consumer_scaled_extension,105.6268872711004,102.25239639717478,,122.34069742936019,14.30392004222256,53.3275365330845
2025-05-05,14.15670786903121,104.80062550616319,102.4292826766825,,121.27474789031473,1.0,0.7666203978241801,0.0,1.0,52.86289586828288,consumer_scaled_extension,104.80062550616319,102.4292826766825,,121.27474789031473,14.15670786903121,52.86289586828288
2025-05-12,14.001509338607615,102.8454169846226,115.3073016404126,,118.56836177017966,1.0,0.7862949247719626,0.0,1.0,51.683199269140395,consumer_scaled_extension,102.8454169846226,102.4292826766825,,118.56836177017966,14.075915899814104,51.683199269140395
2025-05-19,14.075915899814104,102.66838490584648,91.13732138097073,,118.41934731127785,1.0,0.7862949247719626,0.0,1.0,51.61824480862138,consumer_scaled_extension,102.8454169846226,103.3344179101609,,118.56836177017966,14.075915899814104,51.683199269140395
2025-05-26,14.121591995884835,103.10373498999881,103.3344179101609,,119.22384785231225,1.0,0.6749366603901493,0.0,1.0,51.96892150815278,consumer_scaled_extension,102.96596746418946,103.3344179101609,,119.22384785231225,14.075915899814104,51.96892150815278
2025-06-02,14.060555965216981,102.96596746418946,110.58927723025663,,119.22934180925986,1.0,0.6749366603901493,0.0,1.0,51.971316289251725,consumer_scaled_extension,103.06068885158645,103.3344179101609,,119.22934180925986,14.114282409419575,51.971316289251725
2025-06-09,14.114282409419575,103.06068885158645,86.01225538183341,,119.57875059271292,1.0,0.6827868358103847,0.0,1.0,52.123621368886674,consumer_scaled_extension,103.06068885158645,110.58927723025663,,119.57875059271292,14.114282409419575,52.123621368886674
2025-06-16,14.281436785302155,103.36720029015646,113.31608165381225,,120.17326358743104,1.0,0.6631123088626022,0.0,1.0,52.38276582458613,consumer_scaled_extension,103.06068885158645,113.31608165381225,,119.57875059271292,14.281436785302155,52.123621368886674
2025-06-23,14.30205133460706,102.82296664194519,113.98696193394936,,119.40531291776585,1.0,0.6749366603901493,0.0,1.0,52.04802098290479,consumer_scaled_extension,102.838885120078,113.31608165381225,,119.60211024229633,14.30205133460706,52.13380369245303
2025-06-30,14.35889016577357,102.838885120078,89.95295702891082,,119.60211024229633,1.0,0.7784447493517271,0.0,1.0,52.13380369245303,consumer_scaled_extension,102.838885120078,90.10450844793797,,119.60211024229633,14.35889016577357,52.13380369245303
2025-07-07,14.47394538693926,104.08330648143297,90.10450844793797,,121.93897485627132,1.0,0.7142857142857143,0.0,1.0,53.15242820329153,consumer_scaled_extension,104.08330648143297,90.10450844793797,,121.93897485627132,14.47394538693926,53.15242820329153
2025-07-14,14.637128623391664,105.13104420308147,113.26601793160062,,123.97209041442933,1.0,0.5844142010714722,0.0,1.0,54.0386504210965,consumer_scaled_extension,105.13104420308147,90.10450844793797,,123.97209041442933,14.637128623391664,54.0386504210965
2025-07-21,14.74449497442013,105.67984839771138,89.03763574241653,,125.26809922325545,1.0,0.715446992401068,0.0,1.0,54.60357246708843,consumer_scaled_extension,105.65205461950046,106.73449890694883,,125.26809922325545,14.671301052248346,54.60357246708843
2025-07-28,14.671301052248346,105.65205461950046,106.73449890694883,,125.42891874321455,1.0,0.7666203978241801,0.0,1.0,54.67367267908701,consumer_scaled_extension,105.67984839771138,89.03763574241653,,125.42891874321455,14.74449497442013,54.67367267908701
2025-08-04,14.866888853127605,107.74695951110846,86.00177349634373,,125.55211034339732,1.0,0.6946111873379318,0.0,1.0,54.72737111875063,consumer_scaled_extension,107.74695951110846,98.90973717503888,,125.53313107656152,14.866888853127605,54.7190981763298
2025-08-11,15.048404717222386,109.99850186904986,98.90973717503888,,125.53313107656152,1.0,0.6946111873379318,0.0,1.0,54.7190981763298,consumer_scaled_extension,109.99850186904986,98.90973717503888,,125.53313107656152,15.048404717222386,54.7190981763298
2025-08-18,15.2307497852133,112.10813310324895,111.48561499480174,,125.42785673647872,1.0,0.9083162625659692,0.0,1.0,54.6732097570652,consumer_scaled_extension,112.10813310324895,111.48561499480174,,125.42785673647872,15.2307497852133,54.6732097570652
2025-08-25,15.324323015976086,114.15663945181521,118.8004133624404,,125.17720114991285,1.0,0.7142857142857143,0.0,1.0,54.56395057160461,consumer_scaled_extension,114.15663945181521,117.3221600943243,,125.42785673647872,15.324323015976086,54.6732097570652
2025-09-01,15.39292939184427,117.12088899409214,117.3221600943243,,126.05950117585438,1.0,0.8177938032472921,0.0,1.0,54.94853957473421,consumer_scaled_extension,117.12088899409214,118.8004133624404,,126.05950117585438,15.39292939184427,54.94853957473421
2025-09-08,15.42957597048424,119.79286234936754,119.5665147277335,,126.42663914271846,1.0,0.8886417356181867,0.0,1.0,55.10857269332855,consumer_scaled_extension,119.79286234936754,117.3221600943243,,126.05950117585438,15.42957597048424,54.94853957473421
2025-09-15,15.51560462627658,121.70312758116492,101.15608293684616,,125.65870837375925,1.0,0.8059694517197451,0.0,1.0,54.773836526239116,consumer_scaled_extension,121.70312758116492,110.26658407768522,,125.65870837375925,15.51560462627658,54.773836526239116
2025-09-22,15.59574329371232,123.31786388786371,110.26658407768522,,124.52938646434022,1.0,0.9083162625659692,0.0,1.0,54.28157224585172,consumer_scaled_extension,123.31786388786371,110.26658407768522,,124.52938646434022,15.566169160743605,54.28157224585172
2025-09-29,15.566169160743605,123.44335934946596,121.0466876900782,,124.46595657453217,1.0,0.7851336466566089,0.0,1.0,54.25392355790811,consumer_scaled_extension,123.31786388786371,121.0466876900782,,124.52938646434022,15.566169160743605,54.28157224585172
2025-10-06,15.550544418350484,121.35015131334666,127.07225023482106,,128.98673757214686,1.0,0.7851336466566089,0.0,1.0,56.22450341296879,consumer_scaled_extension,121.35015131334666,121.0466876900782,,128.98673757214686,15.566169160743605,56.22450341296879
2025-10-13,15.580915574319306,119.71419204773406,112.53151835554455,,134.2971136880666,1.0,0.7654591197088264,0.0,1.0,58.53926278802993,consumer_scaled_extension,119.71419204773406,121.51098213419321,,134.2971136880666,15.580915574319306,58.53926278802993
2025-10-20,15.673093581443375,118.66786220061513,121.51098213419321,60.827716291831834,140.7116571694606,1.0,0.7862949247719626,0.8571428571428571,1.0,60.827716291831834,retail_observed,118.66786220061513,121.31159407890293,60.827716291831834,140.7116571694606,15.580915574319306,60.827716291831834
2025-10-27,15.524091614467444,116.1777299933922,121.31159407890293,61.533930497116096,144.9069439796755,1.0,0.7862949247719626,1.0,1.0,61.533930497116096,retail_observed,116.1777299933922,121.31159407890293,61.18082339447396,143.71596021262783,15.61505556559161,60.827716291831834
2025-11-03,15.61505556559161,113.97874697548086,120.73048900455544,60.63756093255509,143.71596021262783,1.0,0.8059694517197451,1.0,1.0,60.63756093255509,retail_observed,113.97874697548086,120.73048900455544,61.085745714835596,143.71596021262783,15.61505556559161,61.095897159611546
2025-11-10,15.857534537165455,113.2492061129702,107.96223089208293,61.095897159611546,143.59414764175648,1.0,0.7142857142857143,1.0,1.0,61.095897159611546,retail_observed,113.2492061129702,108.73883483155598,60.86672904608332,143.59414764175648,15.857534537165455,61.095897159611546
2025-11-17,15.946552012709269,112.43442421489404,108.73883483155598,61.76587531125691,143.38639998681265,1.0,0.8059694517197451,1.0,1.0,61.76587531125691,retail_observed,112.43442421489404,108.73883483155598,61.43088623543423,143.38639998681265,15.857534537165455,61.66865027990846
2025-11-24,15.846483328734834,110.6203516826449,119.13235856215844,61.66865027990846,141.4763586555444,1.0,0.7851336466566089,1.0,1.0,61.66865027990846,retail_observed,110.6203516826449,119.13235856215844,61.717262795582684,141.4763586555444,15.846483328734834,61.76587531125691
2025-12-01,15.635600327661098,108.16553106419052,125.45369875727691,62.24195767948818,138.43003115394183,1.0,0.7851336466566089,0.7862949247719626,1.0,62.24195767948818,retail_observed,108.16553106419052,119.13235856215844,61.95530397969832,138.43003115394183,15.635600327661098,62.24195767948818
2025-12-08,15.453444225086285,106.13940789393561,109.38215371069757,62.984217159156486,136.1226681699525,1.0,0.9083162625659692,0.6749366603901493,1.0,62.984217159156486,retail_observed,106.13940789393561,109.39718408751669,62.61308741932233,136.1226681699525,15.453444225086285,62.984217159156486
2025-12-15,15.364762900190236,104.93700299339162,109.39718408751669,127.44609483073909,135.20785473446634,1.0,0.960650946104435,0.5320795175330064,1.0,127.44609483073909,retail_observed,104.93700299339162,109.38215371069757,95.21515599494779,135.20785473446634,15.38033923459717,106.14206993905987
2025-12-22,15.38033923459717,104.0109308045168,103.47650080443641,106.14206993905987,134.65842799749987,1.0,0.9803254730522175,0.3172131641896153,1.0,106.14206993905987,retail_observed,104.0109308045168,108.69196870721338,116.79408238489947,134.65842799749987,15.364762900190236,106.14206993905987
2025-12-29,15.160974965469457,103.34924331060704,108.69196870721338,,132.50140466040423,1.0,1.0,0.0,1.0,57.75652457590925,consumer_scaled_extension,104.0109308045168,108.69196870721338,106.14206993905987,132.50140466040423,15.160974965469457,90.52314194868555
2026-01-05,14.57659688595679,106.21179817349088,115.40162064259258,90.52314194868555,129.41181464164418,1.0,0.5714285714285714,0.40889690162364606,1.0,90.52314194868555,retail_observed,106.21179817349088,112.04679467490297,90.52314194868555,129.41181464164418,14.57659688595679,57.75652457590925
2026-01-12,14.305403280797817,109.48172367821172,,,128.2267820050007,1.0,0.0,0.0,1.0,55.89324358592793,consumer_scaled_extension,107.8467609258513,115.40162064259258,90.52314194868555,128.81929832332244,14.441000083377304,73.20819276730674
