date,product,region_count,consumer_mean,consumer_median,consumer_min,consumer_max,consumer_std,consumer_cv
2017-01-01,drinking_milk,25,17.8948,17.93,16.39,19.01,0.7017069663803164,0.03921289795808371
2017-01-01,soft_cheese,25,75.12,74.96,63.8,86.49,5.372788692414149,0.07152274617164735
2017-01-01,sour_cream,25,41.993199999999995,41.84,36.48,46.55,2.5252569506223854,0.0601349016179378
2017-02-01,drinking_milk,25,18.5632,18.63,16.81,19.94,0.8553689262534621,0.046078743226031185
2017-02-01,soft_cheese,25,77.3016,77.97,66.24,88.56,5.228766329960954,0.06764111389623183
2017-02-01,sour_cream,25,43.4896,43.46,38.31,47.74,2.239602792163525,0.05149743368905497
2017-03-01,drinking_milk,25,18.9972,18.87,16.9,20.73,0.9526345924155115,0.050146052703320045
2017-03-01,soft_cheese,25,78.3856,78.17,66.04,91.78,5.990407665593384,0.0764222977893055
2017-03-01,sour_cream,25,44.67,44.3,40.4,49.9,2.536518283001327,0.05678348518024014
2017-04-01,drinking_milk,25,19.194000000000003,19.24,17.1,21.06,0.9946272333559614,0.05181969539209968
2017-04-01,soft_cheese,25,78.3356,77.65,65.61,91.09,6.290710797146321,0.08030462263831925
2017-04-01,sour_cream,25,45.0608,44.72,38.26,51.97,2.7228262277763267,0.0604256077960517
2017-05-01,drinking_milk,25,19.2392,19.25,17.12,21.0,0.9635737300971493,0.05008387719329022
2017-05-01,soft_cheese,25,77.99119999999999,78.57,68.57,88.78,6.201027683645132,0.07950932520137058
2017-05-01,sour_cream,25,45.5476,45.23,38.36,52.58,2.789459744586156,0.061242738247155856
2017-06-01,drinking_milk,25,19.1688,19.0,16.92,21.03,1.0146482149001192,0.05293227614144439
2017-06-01,soft_cheese,25,77.7336,79.53,64.77,89.99,7.09338299638003,0.0912524699278051
2017-06-01,sour_cream,25,45.406000000000006,45.16,39.02,50.8,2.662184253578251,0.05863067113549423
2017-07-01,drinking_milk,25,19.272000000000002,19.28,16.95,20.98,0.9827893975822075,0.0509957138637509
2017-07-01,soft_cheese,25,77.70559999999999,79.53,65.71,88.49,6.945496190577987,0.08938218340219994
2017-07-01,sour_cream,25,45.5904,44.95,39.36,52.05,2.849519667125203,0.06250262483165761
2017-08-01,drinking_milk,25,19.526400000000002,19.55,17.37,21.29,0.9927775850276511,0.0508428376468602
2017-08-01,soft_cheese,25,78.90440000000001,79.46,67.17,92.89,6.939507715489142,0.08794829839006621
2017-08-01,sour_cream,25,46.1976,45.73,40.08,52.87,2.8670284849183725,0.062060117515160364
2017-09-01,drinking_milk,25,19.9072,19.9,17.92,22.18,0.9988097917021039,0.05017329366772343
2017-09-01,soft_cheese,25,80.4224,80.06,68.91,91.92,6.566653942458061,0.08165205144907466
2017-09-01,sour_cream,25,47.0896,46.4,40.93,53.03,2.8124018205085854,0.059724478876622134
2017-10-01,drinking_milk,25,20.575599999999998,20.75,18.13,22.74,1.1147386838776774,0.05417769998822282
2017-10-01,soft_cheese,25,83.34479999999999,83.5,69.79,94.91,6.7066081342707555,0.08046822518346383
2017-10-01,sour_cream,25,48.2676,48.24,41.25,54.33,2.7421315917852422,0.05681102005869863
2017-11-01,drinking_milk,25,21.1,21.39,18.51,23.55,1.202656781186275,0.05699795171498933
2017-11-01,soft_cheese,25,86.7868,85.86,77.13,96.81,6.309189541190429,0.07269757084246026
2017-11-01,sour_cream,25,49.757600000000004,49.63,42.47,55.22,2.727980449587815,0.05482540254328615
2017-12-01,drinking_milk,25,21.5796,21.66,18.23,24.16,1.3583552554468212,0.06294626663361792
2017-12-01,soft_cheese,25,89.5572,88.89,80.05,99.49,6.109242669922353,0.0682160973090087
2017-12-01,sour_cream,25,50.8712,51.02,43.24,56.36,2.8043928635862234,0.0551273188677724
2018-01-01,drinking_milk,25,21.8044,21.99,18.83,24.09,1.246461926146697,0.05716561456158834
2018-01-01,soft_cheese,25,89.7392,87.39,80.46,100.68,6.510147156554916,0.07254518824053385
2018-01-01,sour_cream,25,51.1624,51.48,46.5,57.44,2.3208300957487893,0.04536202554510323
2018-02-01,drinking_milk,25,21.7828,21.71,17.99,24.02,1.318163242293356,0.060513948725295
2018-02-01,soft_cheese,25,90.69200000000001,89.82,78.74,102.34,6.526616657962991,0.07196463478546059
2018-02-01,sour_cream,25,51.81,52.21,47.47,57.14,2.247817459967185,0.04338578382488294
2018-03-01,drinking_milk,25,21.9516,22.01,18.49,24.11,1.1955148123995238,0.05446139745620018
2018-03-01,soft_cheese,25,90.71440000000001,90.87,79.89,102.05,6.271036650081601,0.06912945078269382
2018-03-01,sour_cream,25,52.3168,52.68,47.73,58.64,2.4843371349315704,0.04748641229837395
2018-04-01,drinking_milk,25,21.8492,21.88,18.61,23.62,1.1742796373380004,0.053744742935118925
2018-04-01,soft_cheese,25,90.2124,89.02,79.57,103.01,6.694501649363701,0.07420822025978359
2018-04-01,sour_cream,25,52.4352,52.85,47.76,58.47,2.466396021188271,0.047037028965051554
2018-05-01,drinking_milk,25,21.972400000000004,22.06,18.66,23.79,1.1554554657507705,0.05258667536321796
2018-05-01,soft_cheese,25,88.6016,87.63,78.56,102.27,7.256701890895982,0.0819026054935349
2018-05-01,sour_cream,25,52.6668,52.86,48.7,59.61,2.3150930866813977,0.043957352386729355
2018-06-01,drinking_milk,25,21.878,21.78,18.87,23.89,1.1366654447696278,0.05195472368450625
2018-06-01,soft_cheese,25,87.4516,88.92,76.38,101.03,7.43692066651245,0.0850404185459437
2018-06-01,sour_cream,25,52.1608,51.88,48.6,59.16,2.2736587987939894,0.043589415783385016
2018-07-01,drinking_milk,25,21.7812,21.77,18.97,23.66,1.0218134206726128,0.04691263202544455
2018-07-01,soft_cheese,25,87.20039999999999,87.01,73.65,101.24,7.773672705570597,0.08914721383813146
2018-07-01,sour_cream,25,52.186800000000005,51.9,47.74,59.71,2.5862436080152995,0.049557428468794774
2018-08-01,drinking_milk,25,21.8452,21.8,18.82,23.74,1.0991364792417733,0.05031478216000647
2018-08-01,soft_cheese,25,87.43,87.88,72.26,100.94,7.498006957407634,0.08576011617760075
2018-08-01,sour_cream,25,52.5352,52.33,48.57,59.93,2.5820068422320896,0.04914813005817222
2018-09-01,drinking_milk,25,22.162,22.38,19.0,24.25,1.11762396776972,0.05042974315358361
2018-09-01,soft_cheese,25,88.906,89.7,74.87,103.48,7.294530485233438,0.0820476737816732
2018-09-01,sour_cream,25,53.3316,52.96,49.61,60.97,2.5703480309094338,0.04819559193628981
2018-10-01,drinking_milk,25,22.671999999999997,22.87,18.89,24.9,1.1599533036578098,0.05116237225025626
2018-10-01,soft_cheese,25,91.348,91.52,76.31,107.25,8.021143933380078,0.08780864313811006
2018-10-01,sour_cream,25,54.5656,54.47,50.39,61.84,2.494634375347751,0.04571807833777602
2018-11-01,drinking_milk,25,23.2592,23.28,19.77,25.92,1.1557029606838145,0.04968799273766142
2018-11-01,soft_cheese,25,94.16680000000001,94.43,78.9,108.35,7.748505081627034,0.08228489320680997
2018-11-01,sour_cream,25,55.6288,55.31,51.57,64.1,2.589443827027983,0.0465486191869676
2018-12-01,drinking_milk,25,23.5832,23.71,19.84,26.1,1.1414490790219252,0.04840094130660492
2018-12-01,soft_cheese,25,96.6192,95.84,80.98,109.63,7.212430773786784,0.07464800757806714
2018-12-01,sour_cream,25,56.758,56.53,51.9,66.84,2.8726439621598328,0.0506121421149412
2019-01-01,drinking_milk,25,23.6932,23.73,21.06,26.57,1.1054626482458225,0.046657380524615606
2019-01-01,soft_cheese,25,97.7324,95.92,81.9,110.78,8.37209615329399,0.08566346629463709
2019-01-01,sour_cream,25,57.2992,57.94,50.62,61.72,2.4981141553846844,0.04359771437270825
2019-02-01,drinking_milk,25,23.9108,24.05,21.85,27.22,1.2727231958809164,0.05322796376034748
2019-02-01,soft_cheese,25,98.7268,97.49,82.15,113.67,8.41495381250941,0.08523474692291667
2019-02-01,sour_cream,25,57.6988,58.13,52.0,64.11,2.707397766614036,0.04692294755894466
2019-03-01,drinking_milk,25,23.9516,23.89,21.95,27.28,1.1757468548402192,0.04908844732043869
2019-03-01,soft_cheese,25,98.88799999999999,98.3,82.75,112.58,8.463377970211813,0.08558549035486422
2019-03-01,sour_cream,25,58.078,58.4,52.77,64.84,2.6773338728419107,0.0460989337243347
2019-04-01,drinking_milk,25,24.093200000000003,24.19,22.08,27.63,1.1743782752304874,0.048743142265472716
2019-04-01,soft_cheese,25,99.4816,99.2,82.68,112.92,8.833354251547561,0.08879384983300993
2019-04-01,sour_cream,25,58.776,59.28,52.7,65.31,2.781745555102647,0.04732791539238204
2019-05-01,drinking_milk,25,23.9824,23.81,21.47,27.85,1.2971419865740736,0.054087246754873315
2019-05-01,soft_cheese,25,98.4936,97.1,82.84,111.28,8.800178918635686,0.08934772328999738
2019-05-01,sour_cream,25,58.786,59.14,53.69,63.68,2.4558399785002285,0.041775932679553436
2019-06-01,drinking_milk,25,23.8976,23.71,21.67,27.43,1.21570720159091,0.05087151854541502
2019-06-01,soft_cheese,25,97.92200000000001,96.15,82.17,111.49,9.033579947433168,0.09225281292695377
2019-06-01,sour_cream,25,58.3472,58.55,51.83,64.36,3.198495114893877,0.05481831373045968
2019-07-01,drinking_milk,25,24.02,24.0,21.69,27.48,1.123651043103092,0.04677981028738934
2019-07-01,soft_cheese,25,98.1912,95.83,79.54,114.11,9.253805667579869,0.09424271897664831
2019-07-01,sour_cream,25,58.7108,58.98,52.64,65.37,3.014435989257915,0.05134380708929047
2019-08-01,drinking_milk,25,24.214000000000002,24.12,21.91,27.61,1.1728562003360288,0.04843711077624633
2019-08-01,soft_cheese,25,98.0616,96.16,80.23,112.1,9.00235463642707,0.09180305681762352
2019-08-01,sour_cream,25,58.6292,59.27,53.09,64.75,3.0488152343711055,0.05200165164066891
2019-09-01,drinking_milk,25,24.4668,24.62,22.11,27.98,1.214553141420059,0.04964086604787136
2019-09-01,soft_cheese,25,99.77879999999999,99.22,80.42,114.36,9.521540631641498,0.09542648971165718
2019-09-01,sour_cream,25,59.5804,60.12,53.51,64.09,2.9816934226487257,0.05004487084089274
2019-10-01,drinking_milk,25,24.816,24.77,22.3,28.26,1.2610313239567053,0.050815253221982
2019-10-01,soft_cheese,25,101.72959999999999,100.11,81.37,115.61,9.113343458906837,0.08958398989976209
2019-10-01,sour_cream,25,60.2364,60.92,55.25,65.53,2.9304832934745306,0.04864970837358359
2019-11-01,drinking_milk,25,25.0108,25.17,22.47,28.27,1.1110240021409683,0.04442176988105012
2019-11-01,soft_cheese,25,103.2416,100.86,82.64,117.1,9.590838371418144,0.09289703347699128
2019-11-01,sour_cream,25,60.9568,61.46,55.54,66.66,2.9917131658410474,0.0490792358824782
2019-12-01,drinking_milk,25,25.0848,25.25,22.35,27.93,1.1825365392522411,0.047141557407363865
2019-12-01,soft_cheese,25,104.28399999999999,102.01,83.8,117.46,9.062532758561483,0.08690242758775539
2019-12-01,sour_cream,25,61.7224,61.83,55.62,67.21,2.9138781145865837,0.04720941043424403
2020-01-01,drinking_milk,25,24.6192,24.26,22.46,28.01,1.3791933632864297,0.05602104712120742
2020-01-01,soft_cheese,25,105.2484,104.31,83.65,124.03,10.104151654971664,0.09600290032885692
2020-01-01,sour_cream,25,60.7232,60.1,54.54,65.91,3.0313758152583663,0.04992121323083049
2020-02-01,drinking_milk,25,24.664,24.58,22.64,28.01,1.3045369548873156,0.052892351398285575
2020-02-01,soft_cheese,25,105.5904,104.49,86.16,124.95,10.34319683012301,0.09795584475599116
2020-02-01,sour_cream,25,60.8188,60.24,55.8,65.68,2.7788506616945057,0.04569065258924059
2020-03-01,drinking_milk,25,24.6624,24.71,22.5,28.01,1.2825634487229085,0.05200481091551951
2020-03-01,soft_cheese,25,104.9524,102.16,86.15,123.19,11.050379435416081,0.1052894401215797
2020-03-01,sour_cream,25,61.098,60.64,56.1,65.57,2.6570221426752667,0.04348787427862232
2020-04-01,drinking_milk,25,24.66,24.58,22.32,28.01,1.373168477160275,0.05568404205840531
2020-04-01,soft_cheese,25,104.97120000000001,102.16,86.25,124.91,10.48903686395149,0.09992299663099488
2020-04-01,sour_cream,25,61.3244,60.57,56.17,68.9,3.0939996767937767,0.0504529954927203
2020-05-01,drinking_milk,25,24.7136,24.39,22.87,28.15,1.4197942339179523,0.05744991558971386
2020-05-01,soft_cheese,25,105.2464,103.02,85.84,124.06,10.764278068376596,0.1022769241359001
2020-05-01,sour_cream,25,61.163599999999995,60.87,55.32,67.24,3.1221545445413152,0.05104595780073958
2020-06-01,drinking_milk,25,24.5984,24.35,22.82,28.55,1.3694210455517328,0.05567114306425348
2020-06-01,soft_cheese,25,104.27959999999999,103.38,85.6,124.78,10.65930598116031,0.10221851619262359
2020-06-01,sour_cream,25,61.2592,60.7,54.14,68.88,3.5757783768013334,0.05837128752581381
2020-07-01,drinking_milk,25,24.4688,24.01,22.67,28.48,1.4687617233574681,0.060025899241379556
2020-07-01,soft_cheese,25,104.1744,102.35,85.86,123.5,10.774436597799443,0.10342691292485912
2020-07-01,sour_cream,25,61.2368,60.99,56.65,67.75,3.130766306619942,0.05112557002684565
2020-08-01,drinking_milk,25,24.4852,24.13,22.87,27.98,1.3769928588534268,0.05623776235658385
2020-08-01,soft_cheese,25,104.0632,103.56,88.04,125.84,10.49010991362817,0.10080518294294401
2020-08-01,sour_cream,25,60.9876,61.06,56.85,66.6,3.102214639038807,0.05086631772751849
2020-09-01,drinking_milk,25,24.6236,24.22,21.92,28.25,1.5227083327632593,0.06183938712305509
2020-09-01,soft_cheese,25,104.3564,103.01,85.81,124.04,11.133532637936622,0.10668758828338867
2020-09-01,sour_cream,25,61.376400000000004,61.39,56.68,66.59,3.174587742264077,0.051723264027607956
2020-10-01,drinking_milk,25,24.851999999999997,24.45,21.96,28.04,1.4347938295564744,0.05773353571368399
2020-10-01,soft_cheese,25,105.7632,104.41,85.75,127.38,11.708964058930801,0.11070924536068123
2020-10-01,sour_cream,25,61.8684,61.65,57.06,66.83,3.023741721774531,0.04887376628092097
2020-11-01,drinking_milk,25,25.113200000000003,24.71,22.04,28.41,1.4925585415654559,0.059433228006206124
2020-11-01,soft_cheese,25,108.18959999999998,104.83,89.6,128.89,11.455726544687892,0.10588565393242874
2020-11-01,sour_cream,25,62.586400000000005,61.9,57.06,68.31,3.323596044447437,0.05310412556797382
2020-12-01,drinking_milk,25,25.204,25.02,21.04,28.39,1.5442123126910587,0.06126854121135767
2020-12-01,soft_cheese,25,109.184,106.16,89.97,133.04,12.022107413705246,0.11010869187523123
2020-12-01,sour_cream,25,63.2228,63.03,57.1,68.34,3.3028554817511004,0.05224152492061567
2021-01-01,drinking_milk,25,25.2992,25.13,22.99,28.65,1.2526469308361918,0.04951330203469643
2021-01-01,soft_cheese,25,111.676,113.09,85.77,129.55,10.745527751891329,0.09622056441752327
2021-01-01,sour_cream,25,63.5484,63.9,57.88,71.96,3.343646562263019,0.05261574740297189
2021-02-01,drinking_milk,25,25.553600000000003,25.34,22.98,28.68,1.350320579220604,0.052842674974195564
2021-02-01,soft_cheese,25,111.8556,113.66,82.64,129.84,10.828831531302596,0.09681081261289194
2021-02-01,sour_cream,25,64.61359999999999,63.98,58.11,71.61,3.7420881870955407,0.05791486911572086
2021-03-01,drinking_milk,25,25.7368,25.76,23.92,28.78,1.2918743488951756,0.05019560896829348
2021-03-01,soft_cheese,25,113.22039999999998,116.73,86.04,132.79,11.506802871924645,0.10163188676179069
2021-03-01,sour_cream,25,65.6504,65.02,60.08,71.29,3.0878801790224957,0.04703520738674091
2021-04-01,drinking_milk,25,25.8656,25.62,23.99,28.54,1.3088260643288958,0.05060103242642335
2021-04-01,soft_cheese,25,114.25119999999998,117.06,90.28,135.26,11.473794170485482,0.10042602765209892
2021-04-01,sour_cream,25,66.5384,65.8,60.2,72.93,3.140238419823143,0.0471943782811601
2021-05-01,drinking_milk,25,26.215999999999998,25.87,24.4,28.56,1.3600888451372088,0.051880105475175804
2021-05-01,soft_cheese,25,114.03,116.46,91.59,137.61,11.492175236510565,0.10078203311857024
2021-05-01,sour_cream,25,67.6152,68.09,58.6,73.3,3.3955253889003227,0.05021837381092303
2021-06-01,drinking_milk,25,26.1912,26.18,23.65,29.01,1.4315385662519426,0.05465723472967801
2021-06-01,soft_cheese,25,113.7256,116.35,92.38,136.25,12.333562637508003,0.10845018744687214
2021-06-01,sour_cream,25,67.9328,68.89,58.27,72.77,3.8119248418613885,0.056113171278990244
2021-07-01,drinking_milk,25,26.2964,26.19,24.51,29.61,1.4108534060395266,0.05365196019377279
2021-07-01,soft_cheese,25,114.10960000000001,114.25,91.32,141.13,13.277589351987055,0.11635821483895355
2021-07-01,sour_cream,25,68.49680000000001,67.84,62.44,75.25,3.706110629757292,0.0541063324090657
2021-08-01,drinking_milk,25,26.3964,26.17,24.22,29.22,1.3507432521887097,0.0511714950595047
2021-08-01,soft_cheese,25,115.09200000000001,115.91,91.36,135.91,11.965404297390034,0.10396382283208244
2021-08-01,sour_cream,25,69.52680000000001,70.13,62.74,77.98,3.8779469654272836,0.0557762900842162
2021-09-01,drinking_milk,25,27.003600000000002,26.82,25.13,30.86,1.3136649750475446,0.04864777196549884
2021-09-01,soft_cheese,25,116.7744,116.03,94.16,143.1,12.787556803392901,0.10950650830484165
2021-09-01,sour_cream,25,70.71640000000001,71.22,63.45,78.47,4.002510545478508,0.056599466962098006
2021-10-01,drinking_milk,25,27.4932,27.27,25.69,30.76,1.2657992205190631,0.04604044711125162
2021-10-01,soft_cheese,25,118.04800000000002,117.9,95.21,140.38,12.885541962473551,0.10915510607950621
2021-10-01,sour_cream,25,71.94760000000001,72.12,66.39,82.43,4.0432333183563225,0.05619691717800624
2021-11-01,drinking_milk,25,27.8576,27.56,25.66,31.2,1.317239158239687,0.04728473228992041
2021-11-01,soft_cheese,25,121.99799999999999,121.45,97.14,144.8,13.035598375218532,0.10685091866439231
2021-11-01,sour_cream,25,73.3964,73.81,66.5,83.34,4.266217958176379,0.058125711317944466
2021-12-01,drinking_milk,25,28.344,28.38,26.54,31.06,1.1893520645012279,0.041961334480003804
2021-12-01,soft_cheese,25,123.9068,123.56,97.86,146.21,12.63201248152223,0.1019476936013377
2021-12-01,sour_cream,25,73.138,72.15,66.99,83.09,4.037267021141903,0.05520067572454679
2022-01-01,drinking_milk,25,28.682399999999998,28.39,26.65,32.97,1.66495064991929,0.058047815033584714
2022-01-01,soft_cheese,25,131.33520000000001,132.66,96.56,148.64,11.8165622186263,0.08997254520209585
2022-01-01,sour_cream,25,74.61359999999999,74.56,67.52,84.86,3.9408743530676893,0.05281710509970957
2022-02-01,drinking_milk,23,29.065652173913044,29.02,25.14,32.36,1.7156653257210221,0.059027243409348416
2022-02-01,soft_cheese,24,135.62,135.09,102.42,162.45,13.51104700992295,0.09962429589974155
2022-02-01,sour_cream,24,75.94708333333334,76.155,67.12,86.48,4.460694505457023,0.0587342437612639
2022-03-01,drinking_milk,22,30.170909090909092,29.875,26.71,36.61,2.2106235041400146,0.0732700329804151
2022-03-01,soft_cheese,22,140.90681818181818,141.51999999999998,107.19,185.03,16.451076498678376,0.11675145823994718
2022-03-01,sour_cream,22,79.60863636363636,78.58000000000001,70.45,92.75,6.018279532236646,0.07559832459315527
2022-04-01,drinking_milk,21,31.097619047619045,31.18,27.8,37.02,2.1499300099349865,0.06913487513763834
2022-04-01,soft_cheese,21,144.1547619047619,143.98,115.19,175.13,14.823264356762856,0.10282882203056239
2022-04-01,sour_cream,21,81.89714285714285,80.52,71.93,99.96,7.042859605910901,0.0859964018304778
2022-05-01,drinking_milk,22,31.60818181818182,31.18,28.11,37.24,2.2538488485332437,0.07130586825581892
2022-05-01,soft_cheese,22,144.7490909090909,144.65499999999997,114.05,179.43,15.24686850255485,0.10533308642422207
2022-05-01,sour_cream,22,83.64045454545455,84.41499999999999,73.28,99.97,6.744199255143165,0.08063322099090242
2022-06-01,drinking_milk,23,31.882173913043477,31.88,28.28,37.59,2.348198451660218,0.0736523945344748
2022-06-01,soft_cheese,23,145.03652173913045,144.83,111.39,181.14,14.918962189318805,0.10286348576500445
2022-06-01,sour_cream,23,84.34521739130435,84.85,74.54,99.64,6.105746823180164,0.07238995893334009
2022-07-01,drinking_milk,23,32.14608695652174,31.73,27.91,37.61,2.5662189007643756,0.07982989980196471
2022-07-01,soft_cheese,23,144.8286956521739,144.95,112.32,182.6,15.466944019820234,0.10679474775472834
2022-07-01,sour_cream,23,84.53434782608696,84.8,73.6,99.9,5.895658515218063,0.06974275743331265
2022-08-01,drinking_milk,23,32.02304347826087,32.1,28.56,37.61,2.1762758740200883,0.06795968270465838
2022-08-01,soft_cheese,23,145.24260869565217,144.04,113.93,183.27,15.71024339183929,0.10816552754680435
2022-08-01,sour_cream,23,85.87478260869565,86.16,75.68,100.6,5.734855050530299,0.06678159613704325
2022-09-01,drinking_milk,23,32.55,32.35,29.4,38.79,2.240527535283518,0.0688334112222279
2022-09-01,soft_cheese,23,146.87782608695653,147.83,117.35,184.16,14.413690132686591,0.09813387436816508
2022-09-01,sour_cream,23,87.17521739130434,87.64,77.51,103.62,6.04677966100756,0.06936351685669236
2022-10-01,drinking_milk,23,32.944782608695654,32.79,29.32,38.38,2.171034251991469,0.06589918281683949
2022-10-01,soft_cheese,23,150.25434782608696,151.5,122.1,185.39,14.424780390982153,0.0960024159013237
2022-10-01,sour_cream,23,88.67956521739131,88.17,79.7,105.37,5.839469526234902,0.0658490996422894
2022-11-01,drinking_milk,22,33.49136363636364,33.195,30.07,36.95,1.9426964457988503,0.058005892709890886
2022-11-01,soft_cheese,22,152.41909090909093,153.365,135.09,181.08,11.764601832491246,0.07718588112763475
2022-11-01,sour_cream,22,91.13954545454546,91.37,84.01,102.46,4.910882451272523,0.053883113271853605
2022-12-01,drinking_milk,23,34.02304347826087,34.11,30.62,37.82,1.8399269619461647,0.05407884697680829
2022-12-01,soft_cheese,23,156.9608695652174,156.08,138.94,185.74,14.114265482786456,0.0899221922118746
2022-12-01,sour_cream,23,94.23913043478261,93.36,83.71,109.59,5.8841697591878415,0.0624387102474373
2023-01-01,drinking_milk,23,34.99173913043478,35.04,30.85,39.63,2.0634319430015644,0.05896911654804983
2023-01-01,soft_cheese,23,160.8286956521739,161.37,138.55,186.9,13.469106167397173,0.08374815273343363
2023-01-01,sour_cream,23,95.66260869565217,95.31,87.89,105.6,4.888229106176022,0.05109863898576906
2023-02-01,drinking_milk,23,35.22652173913043,35.45,32.07,38.27,1.7698757241827414,0.050242704553391165
2023-02-01,soft_cheese,23,162.22173913043477,163.67,138.25,187.38,13.474551317264,0.08306254999787516
2023-02-01,sour_cream,23,95.72130434782609,95.1,87.9,107.49,4.830054869204448,0.05045955967809732
2023-03-01,drinking_milk,23,35.716521739130435,35.96,33.06,38.92,1.689525508149476,0.047303752601935464
2023-03-01,soft_cheese,23,162.98695652173913,163.76,135.75,191.11,13.378689443487971,0.08208441785158144
2023-03-01,sour_cream,23,96.67217391304348,96.24,88.47,108.06,5.2375314766003545,0.054178273484482814
2023-04-01,drinking_milk,23,35.60130434782609,35.52,32.34,39.12,1.947348557182831,0.05469879805967675
2023-04-01,soft_cheese,23,163.5113043478261,162.97,142.48,182.14,10.364534065898091,0.06338726308396603
2023-04-01,sour_cream,23,97.43739130434783,96.13,89.12,106.8,5.2331072096025,0.05370738214097682
2023-05-01,drinking_milk,23,35.45,35.68,31.06,39.7,2.099997835496721,0.05923830283488634
2023-05-01,soft_cheese,23,163.86304347826086,163.52,138.23,192.94,12.327725379950607,0.0752318833964907
2023-05-01,sour_cream,23,98.01521739130435,97.14,88.95,107.87,5.678174218055737,0.05793155766197882
2023-06-01,drinking_milk,23,35.60782608695652,35.44,32.44,39.72,2.0181358556885636,0.05667674995828587
2023-06-01,soft_cheese,23,162.54347826086956,162.29,141.3,190.07,12.02251584951247,0.07396492297413049
2023-06-01,sour_cream,23,98.08217391304348,96.85,88.4,110.11,6.484323022435609,0.06611112665777986
2023-07-01,drinking_milk,23,35.89869565217391,35.71,32.81,39.54,1.8239101461815144,0.05080714251719795
2023-07-01,soft_cheese,23,162.8891304347826,160.52,149.7,193.15,10.478919059904591,0.06433160415267937
2023-07-01,sour_cream,23,98.05565217391305,97.0,89.2,108.53,6.048038619771296,0.06167965319372309
2023-08-01,drinking_milk,23,36.04608695652174,35.67,32.63,40.82,2.3614031636266133,0.06551066601140099
2023-08-01,soft_cheese,23,162.7786956521739,162.56,146.69,189.06,10.707314961085684,0.06577835581116287
2023-08-01,sour_cream,23,98.66869565217392,97.11,88.11,109.73,5.691093763183305,0.05767881824692912
2023-09-01,drinking_milk,23,35.87347826086957,36.02,32.59,41.66,2.3537409463846575,0.065612286861854
2023-09-01,soft_cheese,23,163.69173913043477,162.87,147.8,187.29,11.423483250095718,0.06978655924104468
2023-09-01,sour_cream,23,98.68478260869566,97.98,89.18,109.67,5.4053650701411415,0.05477404851338088
2023-10-01,drinking_milk,23,36.32173913043478,36.07,33.09,41.06,2.0766201827486905,0.057172928181972574
2023-10-01,soft_cheese,23,166.1713043478261,166.1,152.71,193.56,11.019958465664931,0.06631685602345756
2023-10-01,sour_cream,23,100.44521739130434,101.04,87.47,113.61,5.716203340715851,0.056908666128395576
2023-11-01,drinking_milk,23,36.76391304347826,36.75,33.02,41.88,2.184573474347368,0.05942167994369415
2023-11-01,soft_cheese,23,172.75565217391303,171.76,155.44,199.68,11.93884980986898,0.06910830215760551
2023-11-01,sour_cream,23,103.08869565217391,103.58,92.13,115.44,6.317715571274614,0.06128427109593939
2023-12-01,drinking_milk,23,37.34,37.61,33.41,42.09,2.361621168912268,0.06324641587874312
2023-12-01,soft_cheese,23,175.59130434782608,175.28,155.47,196.67,10.449383759275792,0.059509688125425446
2023-12-01,sour_cream,23,103.88434782608697,104.81,92.73,114.64,6.7238468603018084,0.0647243497312821
2024-01-01,drinking_milk,23,37.57565217391304,37.29,33.63,42.88,2.136683551860339,0.05686351209477437
2024-01-01,soft_cheese,23,178.70391304347825,177.23,156.55,212.53,13.314071755829156,0.07450352669440356
2024-01-01,sour_cream,23,105.58173913043478,105.61,92.73,118.87,6.93373023846204,0.06567168049672083
2024-02-01,drinking_milk,23,37.98347826086957,37.97,34.6,42.97,2.1540967495273082,0.05671141370290067
2024-02-01,soft_cheese,23,183.39739130434785,181.29,158.77,214.39,13.66867461068,0.07453036552737462
2024-02-01,sour_cream,23,106.7408695652174,107.34,91.84,119.58,7.1052892673783905,0.06656578025193194
2024-03-01,drinking_milk,23,38.318695652173915,38.35,35.02,43.3,2.227594104425477,0.058133348917869546
2024-03-01,soft_cheese,23,183.0795652173913,183.97,161.27,210.35,13.085320532517928,0.07147340838929911
2024-03-01,sour_cream,23,107.49347826086957,108.32,90.48,122.32,8.372301523853764,0.07788659981339073
2024-04-01,drinking_milk,23,38.64173913043478,38.31,34.26,44.83,2.579338625895323,0.06675006570456865
2024-04-01,soft_cheese,23,183.91521739130437,180.2,163.46,211.9,13.491594645813981,0.0733576853355685
2024-04-01,sour_cream,23,109.46652173913044,110.25,92.69,125.84,8.081974673587261,0.07383056066079643
2024-05-01,drinking_milk,23,37.91608695652174,37.48,34.2,44.06,2.5117808588736295,0.06624578274002486
2024-05-01,soft_cheese,23,184.31391304347827,183.26,160.75,208.26,12.982189106313884,0.07043520964828891
2024-05-01,sour_cream,23,109.28478260869566,109.71,93.98,123.83,7.7485112174505195,0.0709020142831302
2024-06-01,drinking_milk,23,38.05347826086957,38.29,33.61,44.86,2.6125912053599403,0.0686557793074719
2024-06-01,soft_cheese,23,184.50608695652176,184.13,151.77,212.15,14.693456719088642,0.0796367044657508
2024-06-01,sour_cream,23,109.7686956521739,111.16,96.19,123.5,8.048114575560156,0.07331885040396549
2024-07-01,drinking_milk,23,38.12347826086957,38.03,34.67,44.37,2.5375965878538977,0.06656256731061498
2024-07-01,soft_cheese,23,184.8091304347826,186.12,158.55,217.64,13.344381832149942,0.07220629089458894
2024-07-01,sour_cream,23,110.06913043478262,111.85,95.56,124.35,8.043724777762801,0.07307884368659395
2024-08-01,drinking_milk,23,38.47,38.61,32.5,43.9,2.6884906208097155,0.06988538135715402
2024-08-01,soft_cheese,23,186.8291304347826,186.93,167.13,211.37,11.542892308509584,0.061783150634204344
2024-08-01,sour_cream,23,111.20173913043477,113.01,95.47,125.56,8.909535572108789,0.08012046971368221
2024-09-01,drinking_milk,23,39.32869565217391,39.28,32.63,45.9,2.7575669518746304,0.070115901535682
2024-09-01,soft_cheese,23,191.9408695652174,189.69,167.76,215.26,12.348283249483961,0.064333788199747
2024-09-01,sour_cream,23,115.66260869565217,114.58,96.88,128.77,9.847622332961812,0.08514093226856287
2024-10-01,drinking_milk,23,40.98826086956522,41.38,37.01,47.46,2.723242806545023,0.06643957925443715
2024-10-01,soft_cheese,23,199.66304347826087,199.39,178.22,231.33,12.30999277556195,0.0616538371904676
2024-10-01,sour_cream,23,118.1704347826087,119.46,100.15,135.28,10.689444444387384,0.09045785829638467
2024-11-01,drinking_milk,23,42.95608695652174,42.79,37.94,49.07,2.625706379642412,0.0611253623333996
2024-11-01,soft_cheese,23,207.3539130434783,206.97,183.71,242.07,12.983996701930076,0.06261756294518335
2024-11-01,sour_cream,23,124.60652173913043,121.94,106.44,141.63,10.468035158474171,0.08400872612742928
2024-12-01,drinking_milk,23,44.89521739130434,44.8,39.97,50.39,2.810358873177486,0.06259817941591743
2024-12-01,soft_cheese,23,215.33739130434785,214.06,185.44,246.5,14.36185833043751,0.06669467965337765
2024-12-01,sour_cream,23,130.08173913043478,131.35,107.45,146.4,12.130208591541543,0.09325066433328057
2025-01-01,drinking_milk,23,45.07347826086957,45.52,39.03,50.4,3.124438289437949,0.06931877480931892
2025-01-01,soft_cheese,23,219.50347826086957,221.04,188.71,240.37,12.660945537250893,0.057679931259239335
2025-01-01,sour_cream,23,133.93782608695653,135.15,112.8,152.81,12.513893717319936,0.09343061689828781
2025-02-01,drinking_milk,23,45.47347826086957,45.34,40.2,50.07,2.7143969842567777,0.05969187069185658
2025-02-01,soft_cheese,23,223.06869565217391,223.93,195.56,260.5,14.082196788965923,0.06312941736533029
2025-02-01,sour_cream,23,135.80652173913043,132.77,115.75,154.76,12.36295331320579,0.09103357596444211
2025-03-01,drinking_milk,23,46.10565217391304,46.16,41.09,52.23,3.0575968372191134,0.06631718006472809
2025-03-01,soft_cheese,23,224.33782608695654,226.67,197.88,256.35,15.304882749252918,0.06822247953548649
2025-03-01,sour_cream,23,135.86391304347825,136.1,116.1,156.39,12.245671494684608,0.09013189168757292
2025-04-01,drinking_milk,23,46.59304347826087,46.16,41.94,53.54,3.2222457368941932,0.06915722812564523
2025-04-01,soft_cheese,23,224.52782608695654,222.03,189.85,259.2,19.09316106894673,0.08503694798858567
2025-04-01,sour_cream,23,136.41434782608695,134.8,115.03,154.86,12.349444163453068,0.09052892426826853
2025-05-01,drinking_milk,23,46.37913043478261,46.75,41.17,52.78,3.2073564774004337,0.06915516628563256
2025-05-01,soft_cheese,23,223.10347826086957,221.99,200.43,259.02,16.098585936968522,0.07215748522819905
2025-05-01,sour_cream,23,137.8095652173913,136.4,116.6,158.08,13.191000540403182,0.09571904910660368
2025-06-01,drinking_milk,23,46.364782608695656,45.72,42.26,52.76,2.8445336246038613,0.06135116924004239
2025-06-01,soft_cheese,23,221.81478260869565,219.99,194.43,269.03,17.205443607280802,0.07756671311502712
2025-06-01,sour_cream,23,137.50260869565219,135.57,112.82,160.71,12.756567370072316,0.09277327529332668
2025-07-01,drinking_milk,23,46.290000000000006,45.9,42.07,52.02,2.819842032970835,0.06091687260684456
2025-07-01,soft_cheese,23,224.54608695652175,223.94,203.3,274.02,16.667062984747766,0.07422557752242177
2025-07-01,sour_cream,23,137.6091304347826,138.25,114.62,157.79,12.335657079098885,0.0896427223987521
2025-08-01,drinking_milk,23,46.74478260869566,46.58,41.91,52.75,2.9459801109697357,0.06302265079786064
2025-08-01,soft_cheese,23,225.59652173913045,222.93,195.86,263.69,16.37616272310448,0.07259049295999842
2025-08-01,sour_cream,23,137.1417391304348,133.04,118.01,161.18,13.22401934916293,0.09642592716857437
2025-09-01,drinking_milk,23,46.74391304347826,46.99,39.98,53.05,3.1781666229138983,0.06799102633871852
2025-09-01,soft_cheese,23,225.7895652173913,226.39,199.75,265.05,16.937282028992854,0.07501357298192925
2025-09-01,sour_cream,23,138.27304347826086,135.23,119.43,164.07,13.219003343940669,0.09560072600860157
2025-10-01,drinking_milk,23,47.8008695652174,47.55,42.2,57.19,3.806237599524184,0.07962695311078224
2025-10-01,soft_cheese,23,230.0226086956522,228.62,204.56,260.37,16.90319260252639,0.07348491827988683
2025-10-01,sour_cream,23,140.7,137.51,123.72,161.74,11.755797409247606,0.08355222039266245
2025-11-01,drinking_milk,23,47.896086956521735,47.42,43.01,54.52,3.3915868358074146,0.07081135540124957
2025-11-01,soft_cheese,23,234.8804347826087,232.65,209.25,267.46,14.645756902834245,0.06235409482441347
2025-11-01,sour_cream,23,142.09608695652173,137.62,120.9,165.64,14.51873640229643,0.10217548359891741
2025-12-01,drinking_milk,23,48.5304347826087,48.74,42.87,53.77,3.206759165859839,0.06607728078729286
2025-12-01,soft_cheese,23,235.5513043478261,236.2,210.91,268.53,15.014325978377457,0.06374121349040207
2025-12-01,sour_cream,23,141.34652173913045,141.79,119.27,163.15,11.94297534448814,0.0844942995239043
2026-01-01,drinking_milk,23,49.189130434782605,49.79,43.0,54.82,3.327188156336817,0.06764071913709002
2026-01-01,soft_cheese,23,238.45739130434785,234.94,212.93,267.29,14.778632061616808,0.06197598648873311
2026-01-01,sour_cream,23,142.56695652173912,141.93,123.78,161.61,11.02645761742786,0.07734230909072193
2026-02-01,drinking_milk,23,49.52652173913043,48.7,42.99,54.72,3.5078646816127237,0.07082800403568808
2026-02-01,soft_cheese,23,235.4026086956522,233.49,212.39,262.49,15.383651658170145,0.06535038733601883
2026-02-01,sour_cream,23,141.71652173913043,142.38,121.01,164.2,11.74679979967296,0.08288941653039077
2026-03-01,drinking_milk,23,49.546521739130434,49.56,43.73,55.25,3.3388860536189897,0.06738890917910859
2026-03-01,soft_cheese,23,236.87130434782608,237.19,213.67,264.56,15.057722966923542,0.06356921539475509
2026-03-01,sour_cream,23,142.91347826086957,141.36,124.05,167.95,11.025613818697419,0.07714887324043451
